{"is_source_file": false, "format": "", "description": "", "external_files": [], "external_methods": [], "published": [], "classes": [], "methods": [], "calls": [], "search-terms": [], "state": 2, "file_id": 11, "knowledge_revision": 18, "git_revision": "d3f9113b8f302da5741040cbbaaf40482d416ce4", "hash": "c638aad1f1d0970544c691f6f9c1150f", "format-version": 4, "code-base-name": "resident_web_frontend", "filename": "README.md", "revision_history": [{"18": "d3f9113b8f302da5741040cbbaaf40482d416ce4"}]}