{"is_source_file": false, "format": "", "description": "", "external_files": [], "external_methods": [], "published": [], "classes": [], "methods": [], "calls": [], "search-terms": [], "state": 2, "file_id": 2, "knowledge_revision": 16, "git_revision": "c5e8f4556318475d6765267f7c8ef687e891b7c1", "hash": "d9d975cebe2ec20b6c652e1e4c12ccf0", "format-version": 4, "code-base-name": "resident_web_frontend", "filename": "resident_web_frontend/public/manifest.json", "revision_history": [{"16": "c5e8f4556318475d6765267f7c8ef687e891b7c1"}]}