{"is_source_file": true, "format": "JavaScript", "description": "This file is the entry point for a React web application, initializing and rendering the main App component into the DOM.", "external_files": ["react", "react-dom/client", "./index.css", "./App"], "external_methods": ["ReactDOM.createRoot", "root.render"], "published": [], "classes": [], "methods": [{"name": "render", "description": "Renders the React component tree into the DOM root."}], "calls": ["ReactDOM.createRoot", "root.render"], "search-terms": ["React", "ReactDOM", "index.js", "entry point", "render", "main App component"], "state": 2, "file_id": 12, "knowledge_revision": 24, "git_revision": "c5e8f4556318475d6765267f7c8ef687e891b7c1", "ctags": [{"_type": "tag", "name": "root", "path": "/home/kavia/workspace/code-generation/resident-management-system-307756-307767/resident_web_frontend/src/index.js", "pattern": "/^const root = ReactDOM.createRoot(document.getElementById('root'));$/", "language": "JavaScript", "kind": "constant"}], "hash": "9fc5841375336fc175b49f8767a11383", "format-version": 4, "code-base-name": "resident_web_frontend", "filename": "resident_web_frontend/src/index.js", "revision_history": [{"24": "c5e8f4556318475d6765267f7c8ef687e891b7c1"}]}