{"is_source_file": true, "format": "JavaScript (React)", "description": "This file defines a React component named App that manages theme toggling between light and dark modes. It uses React hooks for state and effect management, and renders UI elements including a toggle button, logo image, informational text, and a link.", "external_files": ["./logo.svg", "./App.css"], "external_methods": [], "published": ["App"], "classes": [], "methods": ["App"], "calls": ["React.useState", "React.useEffect", "document.documentElement.setAttribute", "setTheme", "prevTheme => prevTheme === 'light' ? 'dark' : 'light'", "toggleTheme"], "search-terms": ["React", "theme toggle", "useState", "useEffect", "dark mode", "light mode", "App component"], "state": 2, "file_id": 10, "knowledge_revision": 11, "git_revision": "", "ctags": [{"_type": "tag", "name": "App", "path": "/home/kavia/workspace/code-generation/resident-management-system-307756-307767/resident_web_frontend/src/App.js", "pattern": "/^function App() {$/", "language": "JavaScript", "kind": "function", "signature": "()"}, {"_type": "tag", "name": "Switch to ${theme === 'light' ? 'dark' : 'light'} mode", "path": "/home/kavia/workspace/code-generation/resident-management-system-307756-307767/resident_web_frontend/src/App.js", "pattern": "/^          aria-label={`Switch to ${theme === 'light' ? 'dark' : 'light'} mode`}$/", "language": "JavaScript", "kind": "field", "scope": "App.aria", "scopeKind": "class"}, {"_type": "tag", "name": "toggleTheme", "path": "/home/kavia/workspace/code-generation/resident-management-system-307756-307767/resident_web_frontend/src/App.js", "pattern": "/^          onClick={toggleTheme}$/", "language": "JavaScript", "kind": "field", "scope": "App.onClick", "scopeKind": "class"}], "hash": "b55dd9e6a018e59207d8e277dffd9e11", "format-version": 4, "code-base-name": "resident_web_frontend", "filename": "resident_web_frontend/src/App.js"}