{"is_source_file": false, "format": "", "description": "", "external_files": [], "external_methods": [], "published": [], "classes": [], "methods": [], "calls": [], "search-terms": [], "state": 2, "file_id": 4, "knowledge_revision": 17, "git_revision": "c5e8f4556318475d6765267f7c8ef687e891b7c1", "hash": "ebece526bc2eadd78ddd787a76c56607", "format-version": 4, "code-base-name": "resident_web_frontend", "filename": "resident_web_frontend/README.md", "revision_history": [{"17": "c5e8f4556318475d6765267f7c8ef687e891b7c1"}]}