{"is_source_file": true, "format": "JavaScript (ES Module, .mjs)", "description": "ESLint configuration file that sets up linting rules, plugins, and environment settings for JavaScript and React projects.", "external_files": ["@eslint/js", "eslint-plugin-react"], "external_methods": [], "published": [], "classes": [], "methods": [{"name": "default", "description": "Exports an array of ESLint configuration objects to define linting rules and plugin integrations."}], "calls": ["pluginJs", "pluginReact"], "search-terms": ["eslint", "eslint.config.mjs", "eslint rules", "plugins", "react", "jsx"], "state": 2, "file_id": 5, "knowledge_revision": 22, "git_revision": "c5e8f4556318475d6765267f7c8ef687e891b7c1", "hash": "be6538e7523bc2e9da0743133d784136", "format-version": 4, "code-base-name": "resident_web_frontend", "filename": "resident_web_frontend/eslint.config.mjs", "revision_history": [{"22": "c5e8f4556318475d6765267f7c8ef687e891b7c1"}]}