{"is_source_file": false, "format": "", "description": "", "external_files": [], "external_methods": [], "published": [], "classes": [], "methods": [], "calls": [], "search-terms": ["CSS", "theme", "App", "responsive", ":root", "[data-theme]", "--bg-primary"], "state": 2, "file_id": 8, "knowledge_revision": 20, "git_revision": "c5e8f4556318475d6765267f7c8ef687e891b7c1", "hash": "22f9e17cc1848b56dbb244518ac2707e", "format-version": 4, "code-base-name": "resident_web_frontend", "filename": "resident_web_frontend/src/App.css", "revision_history": [{"20": "c5e8f4556318475d6765267f7c8ef687e891b7c1"}]}