{"is_source_file": false, "format": "", "description": "", "external_files": [], "external_methods": [], "published": [], "classes": [], "methods": [], "calls": [], "search-terms": [], "state": 2, "file_id": 6, "knowledge_revision": 19, "git_revision": "c5e8f4556318475d6765267f7c8ef687e891b7c1", "hash": "6c2104b8d219ed99234ae2d6329f4357", "format-version": 4, "code-base-name": "resident_web_frontend", "filename": "resident_web_frontend/src/index.css", "revision_history": [{"19": "c5e8f4556318475d6765267f7c8ef687e891b7c1"}]}