{"is_source_file": true, "format": "JavaScript", "description": "This file sets up testing configurations for a React project using Jest and testing-library, importing custom matchers provided by jest-dom.", "external_files": ["@testing-library/jest-dom"], "external_methods": [], "published": [], "classes": [], "methods": [], "calls": ["import '@testing-library/jest-dom'"], "search-terms": ["setupTests", "jest-dom", "testing-library", "React testing", "Jest configuration"], "state": 2, "file_id": 7, "knowledge_revision": 21, "git_revision": "c5e8f4556318475d6765267f7c8ef687e891b7c1", "ctags": [], "hash": "1a77571e1a8cf36018a41bcedf60db75", "format-version": 4, "code-base-name": "resident_web_frontend", "filename": "resident_web_frontend/src/setupTests.js", "revision_history": [{"21": "c5e8f4556318475d6765267f7c8ef687e891b7c1"}]}