{"is_source_file": false, "format": "", "description": "", "external_files": [], "external_methods": [], "published": [], "classes": [], "methods": [], "calls": [], "search-terms": [], "state": 2, "file_id": 3, "knowledge_revision": 14, "git_revision": "c5e8f4556318475d6765267f7c8ef687e891b7c1", "hash": "d2b40d02d5f7873d8a6713bad837edd4", "format-version": 4, "code-base-name": "resident_web_frontend", "filename": "resident_web_frontend/public/index.html", "revision_history": [{"14": "c5e8f4556318475d6765267f7c8ef687e891b7c1"}]}