{"is_source_file": false, "format": "", "description": "", "external_files": [], "external_methods": [], "published": [], "classes": [], "methods": [], "calls": [], "search-terms": [], "state": 2, "file_id": 1, "knowledge_revision": 15, "git_revision": "c5e8f4556318475d6765267f7c8ef687e891b7c1", "hash": "d001d53c059625c4bcf75bf5a7f3fcf0", "format-version": 4, "code-base-name": "resident_web_frontend", "filename": "resident_web_frontend/package.json", "revision_history": [{"15": "c5e8f4556318475d6765267f7c8ef687e891b7c1"}]}